城市,节点数,健壮性R均值,健壮性R标准差,p(LCC=0.5),p(最大下降速率)
Shenyang,13000,0.2214,0.00555,0.234,0.288
Dalian,13605,0.1515,0.00613,0.154,0.158
Zhengzhou,9162,0.2069,0.00725,0.214,0.273
Qingdao,13894,0.1785,0.00876,0.186,0.0
Harbin,10727,0.1715,0.00415,0.165,0.0
Dongguan,8315,0.1803,0.00394,0.199,0.006
Chengdu,18300,0.2053,0.00365,0.223,0.252
Quanzhou,5672,0.1789,0.00627,0.183,0.0
